{"name":null,"email":"IvanTheTerrible","img1":"1.jpg","rating":"0","folow":"3","folowers":"0","post_cnt":"2","hash_tags":[],"latest_post":[{"id":"60","user_id":"53","status":"0","location":"","title":"subject","description":"Hello my dear","date":"2012-10-23 15:31:58","lat":"49.95829","lon":"36.17798","image":"1","privacy":"0"},{"id":"53","user_id":"53","status":"0","location":"","title":"hello","description":"How r u","date":"2012-10-17 09:50:26","lat":"48.19066","lon":"35.70984","image":"0","privacy":"0"}],"you_folow":0}